{"cameraMode":{"drawMode":0,"name":"Shaded","section":"Shading Mode"},"sceneLighting":false,"audioPlay":false,"sceneViewState":{"m_AlwaysRefresh":false,"showFog":true,"showSkybox":false,"showFlares":true,"showImageEffects":true,"showParticleSystems":true,"showVisualEffectGraphs":true,"m_FxEnabled":true},"in2DMode":false,"pivot":{"x":-4.377476215362549,"y":0.6486195921897888,"z":0.8750912547111511},"rotation":{"x":0.0428847074508667,"y":-0.004496223293244839,"z":0.0001926750992424786,"w":0.9990734457969666},"size":0.624890923500061,"orthographic":true}