{"cameraMode":{"drawMode":0,"name":"Shaded","section":"Shading Mode"},"sceneLighting":true,"audioPlay":false,"sceneViewState":{"m_AlwaysRefresh":false,"showFog":true,"showSkybox":true,"showFlares":true,"showImageEffects":true,"showParticleSystems":true,"showVisualEffectGraphs":true,"m_FxEnabled":true},"in2DMode":false,"pivot":{"x":-0.07674915343523026,"y":0.9327194690704346,"z":-0.27237367630004885},"rotation":{"x":-0.2876374125480652,"y":-0.029521504417061807,"z":0.008869875222444535,"w":-0.9572579860687256},"size":1.682509183883667,"orthographic":true}