{"cameraMode":{"drawMode":0,"name":"Shaded","section":"Shading Mode"},"sceneLighting":false,"audioPlay":false,"sceneViewState":{"m_AlwaysRefresh":false,"showFog":true,"showSkybox":false,"showFlares":true,"showImageEffects":true,"showParticleSystems":true,"showVisualEffectGraphs":true,"m_FxEnabled":true},"in2DMode":false,"pivot":{"x":-0.008423324674367905,"y":0.0126003697514534,"z":-0.012919209897518158},"rotation":{"x":-0.4364885091781616,"y":-0.020407818257808687,"z":0.009908118285238743,"w":-0.8994401097297669},"size":0.07514159381389618,"orthographic":false}