{"cameraMode":{"drawMode":0,"name":"Shaded","section":"Shading Mode"},"sceneLighting":false,"audioPlay":false,"sceneViewState":{"m_AlwaysRefresh":false,"showFog":true,"showSkybox":false,"showFlares":true,"showImageEffects":true,"showParticleSystems":true,"showVisualEffectGraphs":true,"m_FxEnabled":true},"in2DMode":false,"pivot":{"x":0.00046775571536272764,"y":-0.006106886081397533,"z":-0.01807001419365406},"rotation":{"x":-0.5826976299285889,"y":-0.015846887603402139,"z":0.011361896991729737,"w":-0.8124624490737915},"size":0.08555041253566742,"orthographic":true}